[
  {
    "name": "Theme settings",
    "settings": [
      {
        "type": "header",
        "content": "Colors"
      },
      {
        "type": "color",
        "id": "colors_solid_button_labels",
        "default": "#FFFFFF",
        "label": "Solid button label"
      },
      {
        "type": "color",
        "id": "colors_accent_1",
        "default": "#E91E63",
        "label": "Accent 1"
      },
      {
        "type": "color",
        "id": "colors_accent_2",
        "default": "#6C757D",
        "label": "Accent 2"
      },
      {
        "type": "header",
        "content": "Typography"
      },
      {
        "type": "font_picker",
        "id": "type_header_font",
        "default": "assistant_n4",
        "label": "Heading font"
      },
      {
        "type": "font_picker",
        "id": "type_body_font",
        "default": "assistant_n4",
        "label": "Body font"
      },
      {
        "type": "header",
        "content": "Layout"
      },
      {
        "type": "range",
        "id": "page_width",
        "min": 1000,
        "max": 1600,
        "step": 10,
        "default": 1200,
        "unit": "px",
        "label": "Page width"
      },
      {
        "type": "header",
        "content": "Search"
      },
      {
        "type": "checkbox",
        "id": "predictive_search_enabled",
        "default": true,
        "label": "Enable predictive search"
      }
    ]
  }
]